{
  "region": "Odisha",
  "crop_yield_per_degree_C": -1.2278726417000803,
  "flood_risk_per_mm_rain": 0.4754824755437128
}